<?xml version="1.0" encoding="utf-8"?>
<courseStructure xmlns="https://w3id.org/xapi/profiles/cmi5/v1/CourseStructure.xsd">
    <course id="https://my-url.com/my-adapt-course/3">
        <title>
            <langstring lang="en-US">Test Adapt xAPI cmi-5 v3</langstring>
        </title>
        <description>
            <langstring lang="en-US">
               
            </langstring>
        </description>
    </course>
    <au id="https://my-url.com/my-adapt-course/3"
        moveOn="CompletedOrPassed">
        <title>
            <langstring lang="en-US">Test Adapt xAPI cmi-5 v3</langstring>
        </title>
        <description>
            <langstring lang="en-US">
               
            </langstring>
        </description>
        <url>index.html</url>
    </au>
</courseStructure>